sample,order_id,weekday,time_slot,wait_minutes,five_star
Ms. Lin,3,Mon,morning,1.2,1
Ms. Lin,15,Mon,morning,3.4,1
Ms. Lin,21,Mon,morning,8.2,1
Ms. Lin,31,Mon,morning,7.3,1
Ms. Lin,72,Mon,morning,1.5,1
Ms. Lin,84,Mon,morning,7.9,1
Ms. Lin,90,Mon,morning,4.5,1
Ms. Lin,94,Mon,morning,5.3,1
Ms. Lin,109,Mon,morning,4.5,1
Ms. Lin,119,Mon,morning,5.7,1
Ms. Lin,136,Mon,morning,7.7,1
Ms. Lin,166,Mon,morning,2.8,1
Ms. Lin,178,Mon,morning,1.2,1
Ms. Lin,193,Mon,morning,1.2,1
Ms. Lin,194,Mon,morning,2.3,1
Ms. Lin,207,Mon,morning,3.4,1
Ms. Lin,219,Mon,morning,3.5,0
Ms. Lin,228,Mon,morning,2.1,1
Ms. Lin,248,Mon,morning,3.3,1
Ms. Lin,261,Mon,morning,3.3,1
Ms. Lin,279,Mon,morning,8.9,0
Ms. Lin,291,Mon,morning,6.0,1
Ms. Lin,302,Mon,morning,1.2,1
Ms. Lin,371,Mon,morning,1.5,1
Ms. Lin,386,Mon,morning,10.6,1
Ms. Lin,393,Mon,morning,3.7,1
Ms. Lin,397,Mon,morning,2.5,1
Ms. Lin,409,Mon,morning,8.4,1
Ms. Lin,499,Mon,morning,8.7,0
Ms. Lin,601,Mon,morning,2.6,1
Ms. Lin,618,Mon,morning,7.0,1
Ms. Lin,628,Mon,morning,10.6,0
Ms. Lin,661,Mon,morning,6.0,1
Ms. Lin,670,Mon,morning,1.7,1
Ms. Lin,674,Mon,morning,2.6,1
Ms. Lin,676,Mon,morning,1.2,1
Ms. Lin,708,Mon,morning,3.1,1
Ms. Lin,730,Mon,morning,3.8,0
Ms. Lin,735,Mon,morning,5.3,1
Ms. Lin,741,Mon,morning,7.4,1
Team 01,11,Wed,morning,3.8,1
Team 01,64,Sun,afternoon,4.0,1
Team 01,144,Sun,afternoon,6.8,1
Team 01,201,Tue,morning,6.5,1
Team 01,204,Sun,afternoon,11.6,0
Team 01,224,Fri,afternoon,11.8,1
Team 01,280,Thu,afternoon,8.2,1
Team 01,290,Wed,afternoon,14.3,0
Team 01,321,Sun,afternoon,6.6,1
Team 01,333,Fri,afternoon,7.5,1
Team 01,360,Sat,afternoon,12.2,0
Team 01,410,Wed,afternoon,3.1,1
Team 01,416,Thu,afternoon,3.8,1
Team 01,417,Mon,afternoon,4.2,1
Team 01,446,Fri,morning,7.2,1
Team 01,448,Sat,afternoon,8.6,1
Team 01,479,Thu,afternoon,5.8,1
Team 01,497,Sat,afternoon,8.4,1
Team 01,535,Sun,afternoon,5.4,1
Team 01,539,Fri,morning,7.3,1
Team 01,587,Fri,morning,4.8,1
Team 01,610,Sat,morning,6.1,0
Team 01,622,Thu,afternoon,6.0,1
Team 01,635,Sun,morning,13.8,1
Team 01,669,Sat,afternoon,6.7,1
Team 01,760,Sat,morning,7.5,1
Team 01,773,Sat,morning,10.3,1
Team 01,905,Wed,morning,6.4,1
Team 01,930,Thu,morning,3.6,0
Team 01,954,Mon,afternoon,6.6,1
Team 01,965,Fri,afternoon,3.6,1
Team 01,982,Tue,morning,6.3,0
Team 01,988,Sat,morning,9.0,1
Team 01,998,Sun,morning,7.1,0
Team 01,1026,Fri,morning,8.8,1
Team 01,1027,Sat,morning,10.3,1
Team 01,1068,Fri,afternoon,4.4,1
Team 01,1101,Mon,afternoon,3.1,1
Team 01,1151,Fri,morning,11.4,1
Team 01,1166,Fri,afternoon,5.4,1
Team 02,3,Mon,morning,1.2,1
Team 02,46,Tue,morning,7.8,1
Team 02,54,Sat,morning,18.3,1
Team 02,108,Sat,afternoon,9.9,1
Team 02,111,Sun,morning,5.0,1
Team 02,131,Fri,morning,6.2,1
Team 02,141,Tue,morning,9.0,0
Team 02,151,Fri,morning,4.2,1
Team 02,152,Sat,morning,6.0,1
Team 02,239,Sun,afternoon,7.3,1
Team 02,292,Sat,morning,8.1,1
Team 02,303,Sat,afternoon,5.2,1
Team 02,319,Mon,afternoon,6.1,1
Team 02,368,Thu,afternoon,9.5,1
Team 02,423,Sun,afternoon,9.4,0
Team 02,494,Sun,afternoon,7.2,0
Team 02,506,Thu,afternoon,5.2,1
Team 02,511,Sun,afternoon,4.1,1
Team 02,587,Fri,morning,4.8,1
Team 02,625,Thu,afternoon,6.7,1
Team 02,633,Fri,afternoon,5.6,1
Team 02,706,Sun,afternoon,5.5,1
Team 02,709,Tue,afternoon,9.2,1
Team 02,752,Sat,afternoon,10.4,1
Team 02,764,Sat,afternoon,7.1,0
Team 02,785,Wed,afternoon,3.2,1
Team 02,812,Sat,morning,9.1,1
Team 02,818,Sat,morning,4.7,1
Team 02,847,Wed,afternoon,10.5,0
Team 02,856,Fri,afternoon,12.7,1
Team 02,858,Fri,morning,6.8,1
Team 02,868,Tue,morning,4.3,0
Team 02,933,Fri,afternoon,2.5,1
Team 02,975,Mon,afternoon,4.4,1
Team 02,1038,Sat,afternoon,17.0,1
Team 02,1066,Tue,afternoon,4.5,1
Team 02,1117,Wed,morning,5.4,1
Team 02,1167,Wed,morning,6.0,1
Team 02,1174,Thu,afternoon,5.9,1
Team 02,1193,Sun,morning,8.0,1
Team 03,10,Wed,morning,6.0,1
Team 03,50,Sat,afternoon,5.3,1
Team 03,83,Sat,morning,8.4,1
Team 03,107,Sun,afternoon,12.6,1
Team 03,136,Mon,morning,7.7,1
Team 03,142,Thu,morning,6.0,0
Team 03,155,Tue,morning,9.2,1
Team 03,162,Tue,morning,3.2,0
Team 03,169,Fri,afternoon,4.6,1
Team 03,183,Sun,afternoon,8.8,1
Team 03,242,Sun,afternoon,9.4,1
Team 03,243,Fri,morning,7.0,1
Team 03,329,Wed,morning,7.9,1
Team 03,358,Wed,afternoon,9.7,1
Team 03,359,Fri,morning,7.7,1
Team 03,414,Tue,afternoon,8.9,1
Team 03,431,Sun,afternoon,9.2,1
Team 03,444,Wed,morning,5.5,1
Team 03,492,Sun,afternoon,7.5,1
Team 03,533,Sun,morning,5.2,1
Team 03,536,Wed,afternoon,3.6,1
Team 03,559,Tue,morning,6.0,1
Team 03,633,Fri,afternoon,5.6,1
Team 03,669,Sat,afternoon,6.7,1
Team 03,712,Tue,afternoon,5.2,1
Team 03,714,Sat,morning,8.0,1
Team 03,721,Thu,morning,8.4,0
Team 03,846,Sun,afternoon,3.4,0
Team 03,902,Tue,afternoon,6.0,1
Team 03,905,Wed,morning,6.4,1
Team 03,995,Mon,morning,3.4,1
Team 03,1019,Mon,afternoon,9.0,1
Team 03,1037,Wed,afternoon,6.8,1
Team 03,1080,Sat,afternoon,7.1,1
Team 03,1106,Mon,morning,1.2,1
Team 03,1107,Sun,afternoon,6.8,1
Team 03,1118,Tue,morning,2.8,1
Team 03,1119,Sun,morning,10.1,0
Team 03,1153,Thu,morning,8.6,1
Team 03,1162,Fri,afternoon,10.1,0
Team 04,12,Wed,afternoon,7.2,1
Team 04,15,Mon,morning,3.4,1
Team 04,28,Tue,afternoon,19.9,0
Team 04,45,Tue,morning,11.0,1
Team 04,73,Tue,morning,6.0,0
Team 04,122,Mon,afternoon,4.7,0
Team 04,167,Mon,afternoon,6.1,1
Team 04,186,Sun,afternoon,5.6,1
Team 04,195,Sun,afternoon,6.3,1
Team 04,210,Sat,morning,4.1,0
Team 04,244,Thu,morning,15.8,1
Team 04,262,Sun,morning,4.2,0
Team 04,287,Fri,morning,7.3,1
Team 04,441,Fri,morning,4.6,1
Team 04,442,Fri,afternoon,5.9,1
Team 04,484,Sun,morning,6.3,1
Team 04,487,Wed,afternoon,2.7,1
Team 04,505,Wed,morning,5.1,1
Team 04,523,Thu,afternoon,10.7,1
Team 04,532,Fri,afternoon,3.6,1
Team 04,544,Tue,morning,5.5,1
Team 04,545,Sat,morning,8.8,1
Team 04,561,Wed,morning,4.8,1
Team 04,579,Sat,morning,7.9,0
Team 04,716,Sat,morning,5.4,1
Team 04,780,Mon,afternoon,9.2,0
Team 04,815,Fri,morning,6.6,1
Team 04,818,Sat,morning,4.7,1
Team 04,864,Fri,morning,5.3,1
Team 04,893,Mon,afternoon,3.9,1
Team 04,940,Sun,morning,6.6,1
Team 04,1053,Thu,afternoon,9.3,0
Team 04,1057,Sun,afternoon,7.3,1
Team 04,1059,Sat,morning,4.7,1
Team 04,1064,Fri,afternoon,3.9,1
Team 04,1067,Sun,afternoon,4.3,1
Team 04,1096,Sun,afternoon,10.1,0
Team 04,1099,Tue,morning,5.3,1
Team 04,1179,Sat,morning,7.0,0
Team 04,1190,Sun,afternoon,9.0,0
Team 05,1,Sat,afternoon,5.4,0
Team 05,44,Sun,morning,7.7,1
Team 05,56,Thu,afternoon,2.5,1
Team 05,80,Sun,morning,12.5,1
Team 05,123,Sun,afternoon,4.1,1
Team 05,179,Thu,afternoon,6.5,1
Team 05,195,Sun,afternoon,6.3,1
Team 05,266,Tue,afternoon,7.2,1
Team 05,267,Sat,afternoon,9.6,1
Team 05,275,Sun,afternoon,14.1,1
Team 05,282,Sat,afternoon,7.6,0
Team 05,293,Thu,morning,6.4,0
Team 05,304,Fri,morning,2.9,1
Team 05,341,Tue,morning,10.8,0
Team 05,348,Wed,afternoon,14.5,0
Team 05,385,Fri,afternoon,10.2,0
Team 05,386,Mon,morning,10.6,1
Team 05,397,Mon,morning,2.5,1
Team 05,445,Sat,morning,8.9,1
Team 05,482,Fri,morning,5.3,1
Team 05,589,Sun,afternoon,4.0,1
Team 05,598,Fri,morning,12.0,1
Team 05,618,Mon,morning,7.0,1
Team 05,631,Sun,morning,4.7,1
Team 05,719,Sat,afternoon,5.4,1
Team 05,767,Thu,afternoon,4.2,1
Team 05,793,Sun,afternoon,6.3,1
Team 05,800,Sun,afternoon,11.4,0
Team 05,832,Tue,afternoon,4.2,1
Team 05,839,Sat,morning,8.8,1
Team 05,910,Fri,morning,6.0,1
Team 05,932,Fri,afternoon,8.7,0
Team 05,990,Fri,morning,12.1,1
Team 05,992,Thu,afternoon,5.2,1
Team 05,998,Sun,morning,7.1,0
Team 05,1073,Wed,morning,8.8,1
Team 05,1144,Mon,morning,2.3,1
Team 05,1159,Fri,afternoon,5.5,0
Team 05,1166,Fri,afternoon,5.4,1
Team 05,1194,Wed,afternoon,3.9,1
Team 06,9,Sat,afternoon,6.1,0
Team 06,30,Fri,afternoon,4.1,1
Team 06,78,Tue,morning,8.1,1
Team 06,79,Sat,morning,5.6,1
Team 06,82,Sat,morning,6.7,1
Team 06,115,Sun,afternoon,9.9,1
Team 06,117,Thu,afternoon,4.5,1
Team 06,192,Sat,afternoon,10.7,1
Team 06,202,Thu,afternoon,4.9,1
Team 06,286,Sun,morning,10.4,1
Team 06,303,Sat,afternoon,5.2,1
Team 06,362,Fri,afternoon,5.8,1
Team 06,388,Sun,morning,5.3,1
Team 06,426,Sat,afternoon,7.4,1
Team 06,444,Wed,morning,5.5,1
Team 06,465,Thu,morning,6.9,0
Team 06,476,Sat,afternoon,7.8,1
Team 06,504,Fri,afternoon,6.8,1
Team 06,526,Sun,afternoon,4.6,1
Team 06,546,Sat,afternoon,6.8,1
Team 06,671,Tue,afternoon,3.9,1
Team 06,699,Sun,morning,5.4,1
Team 06,723,Sat,morning,10.4,1
Team 06,766,Fri,morning,2.7,1
Team 06,804,Tue,morning,7.0,1
Team 06,813,Fri,afternoon,9.7,0
Team 06,815,Fri,morning,6.6,1
Team 06,823,Sun,afternoon,9.5,0
Team 06,962,Sat,afternoon,6.9,1
Team 06,985,Sat,morning,7.0,1
Team 06,1003,Tue,afternoon,3.7,1
Team 06,1023,Thu,morning,8.0,1
Team 06,1031,Tue,morning,5.3,1
Team 06,1072,Mon,morning,5.8,1
Team 06,1075,Sun,afternoon,8.5,1
Team 06,1076,Mon,afternoon,12.3,1
Team 06,1143,Fri,morning,7.7,1
Team 06,1151,Fri,morning,11.4,1
Team 06,1162,Fri,afternoon,10.1,0
Team 06,1188,Wed,afternoon,2.8,1
Team 07,54,Sat,morning,18.3,1
Team 07,67,Wed,afternoon,5.0,1
Team 07,71,Sun,afternoon,6.1,0
Team 07,83,Sat,morning,8.4,1
Team 07,108,Sat,afternoon,9.9,1
Team 07,132,Fri,afternoon,5.9,1
Team 07,141,Tue,morning,9.0,0
Team 07,151,Fri,morning,4.2,1
Team 07,189,Sun,afternoon,7.1,1
Team 07,192,Sat,afternoon,10.7,1
Team 07,209,Thu,afternoon,4.7,1
Team 07,239,Sun,afternoon,7.3,1
Team 07,249,Tue,afternoon,5.7,1
Team 07,278,Sat,afternoon,11.4,0
Team 07,320,Thu,afternoon,8.2,0
Team 07,323,Sat,afternoon,16.0,0
Team 07,338,Sat,afternoon,6.8,1
Team 07,353,Sat,afternoon,7.5,1
Team 07,354,Sun,afternoon,7.7,1
Team 07,359,Fri,morning,7.7,1
Team 07,408,Sat,morning,8.4,1
Team 07,437,Sun,afternoon,6.8,0
Team 07,445,Sat,morning,8.9,1
Team 07,521,Wed,afternoon,5.3,1
Team 07,523,Thu,afternoon,10.7,1
Team 07,530,Sun,morning,7.5,1
Team 07,538,Sun,afternoon,8.0,0
Team 07,585,Fri,morning,5.9,1
Team 07,590,Tue,afternoon,10.3,1
Team 07,676,Mon,morning,1.2,1
Team 07,699,Sun,morning,5.4,1
Team 07,727,Fri,morning,6.0,1
Team 07,744,Mon,morning,2.4,1
Team 07,750,Fri,morning,7.8,1
Team 07,825,Sun,morning,12.4,1
Team 07,949,Fri,afternoon,11.7,1
Team 07,1018,Thu,afternoon,3.9,1
Team 07,1089,Sun,morning,7.7,1
Team 07,1096,Sun,afternoon,10.1,0
Team 07,1111,Thu,afternoon,9.1,1
Team 08,67,Wed,afternoon,5.0,1
Team 08,105,Tue,morning,8.4,0
Team 08,135,Sat,afternoon,7.1,1
Team 08,199,Mon,afternoon,3.2,1
Team 08,206,Tue,morning,18.4,1
Team 08,215,Sun,afternoon,10.5,1
Team 08,250,Fri,morning,4.4,1
Team 08,259,Sat,morning,6.0,1
Team 08,277,Tue,afternoon,6.2,0
Team 08,306,Sun,afternoon,4.7,1
Team 08,414,Tue,afternoon,8.9,1
Team 08,420,Fri,afternoon,2.5,1
Team 08,423,Sun,afternoon,9.4,0
Team 08,544,Tue,morning,5.5,1
Team 08,562,Tue,afternoon,5.4,1
Team 08,572,Sun,morning,8.1,1
Team 08,577,Tue,afternoon,2.5,1
Team 08,600,Sat,afternoon,9.6,0
Team 08,601,Mon,morning,2.6,1
Team 08,621,Tue,morning,11.9,1
Team 08,642,Tue,morning,4.9,1
Team 08,685,Mon,afternoon,6.7,1
Team 08,693,Tue,morning,5.5,0
Team 08,698,Tue,afternoon,8.8,1
Team 08,717,Thu,afternoon,11.9,1
Team 08,759,Sun,morning,5.5,1
Team 08,784,Sat,afternoon,8.0,1
Team 08,790,Sun,morning,9.7,1
Team 08,826,Fri,morning,5.6,1
Team 08,907,Sat,afternoon,16.9,0
Team 08,919,Sat,morning,7.7,1
Team 08,924,Sat,morning,5.7,1
Team 08,1015,Sun,morning,5.5,1
Team 08,1032,Thu,afternoon,4.1,1
Team 08,1112,Wed,morning,7.2,1
Team 08,1118,Tue,morning,2.8,1
Team 08,1134,Mon,morning,10.5,0
Team 08,1157,Wed,afternoon,7.4,0
Team 08,1160,Sat,afternoon,8.0,1
Team 08,1188,Wed,afternoon,2.8,1
Team 09,46,Tue,morning,7.8,1
Team 09,76,Wed,morning,2.4,1
Team 09,77,Wed,morning,3.3,0
Team 09,145,Tue,afternoon,5.2,1
Team 09,173,Sun,afternoon,6.9,0
Team 09,183,Sun,afternoon,8.8,1
Team 09,246,Sun,afternoon,7.7,1
Team 09,268,Sat,afternoon,7.4,1
Team 09,271,Mon,afternoon,3.1,0
Team 09,314,Wed,morning,9.2,1
Team 09,346,Mon,afternoon,6.3,1
Team 09,368,Thu,afternoon,9.5,1
Team 09,405,Wed,morning,10.2,1
Team 09,445,Sat,morning,8.9,1
Team 09,456,Mon,afternoon,2.7,1
Team 09,476,Sat,afternoon,7.8,1
Team 09,479,Thu,afternoon,5.8,1
Team 09,482,Fri,morning,5.3,1
Team 09,489,Fri,afternoon,3.3,1
Team 09,529,Tue,afternoon,3.6,1
Team 09,532,Fri,afternoon,3.6,1
Team 09,535,Sun,afternoon,5.4,1
Team 09,588,Sun,afternoon,9.4,1
Team 09,600,Sat,afternoon,9.6,0
Team 09,622,Thu,afternoon,6.0,1
Team 09,658,Wed,afternoon,3.5,1
Team 09,694,Fri,afternoon,13.5,1
Team 09,780,Mon,afternoon,9.2,0
Team 09,793,Sun,afternoon,6.3,1
Team 09,796,Sat,afternoon,5.3,1
Team 09,876,Sat,afternoon,8.8,1
Team 09,890,Sat,afternoon,9.3,1
Team 09,913,Sat,morning,7.3,1
Team 09,972,Sun,morning,4.5,1
Team 09,1012,Sat,afternoon,7.0,1
Team 09,1040,Mon,afternoon,5.0,1
Team 09,1042,Sat,afternoon,5.7,1
Team 09,1063,Tue,afternoon,11.9,0
Team 09,1072,Mon,morning,5.8,1
Team 09,1177,Sun,afternoon,9.3,1
Team 10,55,Wed,morning,8.2,1
Team 10,140,Wed,afternoon,10.4,1
Team 10,149,Sat,afternoon,10.0,1
Team 10,175,Tue,afternoon,6.9,1
Team 10,183,Sun,afternoon,8.8,1
Team 10,294,Tue,morning,7.5,1
Team 10,317,Sat,morning,6.5,1
Team 10,348,Wed,afternoon,14.5,0
Team 10,362,Fri,afternoon,5.8,1
Team 10,391,Mon,afternoon,2.4,1
Team 10,405,Wed,morning,10.2,1
Team 10,416,Thu,afternoon,3.8,1
Team 10,449,Sat,morning,5.3,1
Team 10,453,Thu,morning,8.8,1
Team 10,541,Fri,afternoon,17.4,0
Team 10,542,Sat,afternoon,6.5,1
Team 10,564,Fri,afternoon,5.2,1
Team 10,581,Sat,morning,8.7,1
Team 10,612,Sun,afternoon,7.6,1
Team 10,648,Fri,morning,6.6,1
Team 10,688,Fri,afternoon,9.0,1
Team 10,737,Sat,morning,3.0,1
Team 10,773,Sat,morning,10.3,1
Team 10,802,Fri,afternoon,2.5,1
Team 10,812,Sat,morning,9.1,1
Team 10,818,Sat,morning,4.7,1
Team 10,830,Thu,afternoon,8.0,1
Team 10,840,Sun,afternoon,7.1,1
Team 10,872,Mon,afternoon,2.4,1
Team 10,896,Wed,morning,8.0,0
Team 10,956,Sun,afternoon,13.4,1
Team 10,995,Mon,morning,3.4,1
Team 10,997,Tue,afternoon,4.2,1
Team 10,1071,Sat,afternoon,5.9,1
Team 10,1083,Sun,morning,7.4,0
Team 10,1135,Tue,afternoon,7.6,1
Team 10,1136,Wed,afternoon,10.1,1
Team 10,1147,Fri,afternoon,8.5,1
Team 10,1162,Fri,afternoon,10.1,0
Team 10,1163,Mon,afternoon,11.2,1
Team 11,2,Thu,morning,5.7,1
Team 11,14,Fri,afternoon,12.2,0
Team 11,28,Tue,afternoon,19.9,0
Team 11,90,Mon,morning,4.5,1
Team 11,208,Sat,afternoon,4.4,1
Team 11,240,Sat,afternoon,4.8,1
Team 11,248,Mon,morning,3.3,1
Team 11,280,Thu,afternoon,8.2,1
Team 11,304,Fri,morning,2.9,1
Team 11,345,Thu,morning,10.4,0
Team 11,359,Fri,morning,7.7,1
Team 11,405,Wed,morning,10.2,1
Team 11,424,Sun,morning,7.6,1
Team 11,425,Thu,morning,5.4,1
Team 11,430,Thu,afternoon,6.2,0
Team 11,492,Sun,afternoon,7.5,1
Team 11,498,Sun,afternoon,8.5,1
Team 11,652,Mon,afternoon,8.1,1
Team 11,657,Fri,morning,9.9,1
Team 11,719,Sat,afternoon,5.4,1
Team 11,789,Thu,afternoon,6.1,1
Team 11,801,Wed,afternoon,4.8,1
Team 11,812,Sat,morning,9.1,1
Team 11,822,Sat,afternoon,8.3,0
Team 11,829,Tue,morning,5.1,1
Team 11,868,Tue,morning,4.3,0
Team 11,876,Sat,afternoon,8.8,1
Team 11,923,Sat,afternoon,7.6,0
Team 11,945,Thu,morning,4.0,1
Team 11,961,Sat,afternoon,4.5,1
Team 11,971,Wed,afternoon,10.4,1
Team 11,1024,Mon,morning,6.8,1
Team 11,1028,Fri,afternoon,6.6,1
Team 11,1044,Sun,morning,5.1,1
Team 11,1076,Mon,afternoon,12.3,1
Team 11,1105,Wed,morning,3.7,1
Team 11,1154,Thu,morning,5.3,1
Team 11,1163,Mon,afternoon,11.2,1
Team 11,1168,Mon,afternoon,2.7,1
Team 11,1181,Thu,morning,9.0,1
Team 12,13,Tue,morning,2.1,1
Team 12,64,Sun,afternoon,4.0,1
Team 12,81,Thu,morning,4.8,1
Team 12,104,Mon,afternoon,6.7,1
Team 12,138,Fri,afternoon,3.8,1
Team 12,144,Sun,afternoon,6.8,1
Team 12,185,Sun,morning,5.5,1
Team 12,272,Tue,morning,2.8,1
Team 12,295,Sat,afternoon,10.3,1
Team 12,299,Sat,afternoon,16.2,0
Team 12,304,Fri,morning,2.9,1
Team 12,352,Thu,afternoon,7.8,0
Team 12,405,Wed,morning,10.2,1
Team 12,429,Mon,afternoon,3.6,1
Team 12,436,Sat,morning,5.6,1
Team 12,445,Sat,morning,8.9,1
Team 12,494,Sun,afternoon,7.2,0
Team 12,516,Sun,afternoon,10.5,0
Team 12,555,Sat,morning,4.8,1
Team 12,592,Wed,afternoon,6.8,0
Team 12,631,Sun,morning,4.7,1
Team 12,644,Sun,afternoon,7.5,1
Team 12,659,Thu,afternoon,7.3,0
Team 12,808,Fri,afternoon,5.0,1
Team 12,815,Fri,morning,6.6,1
Team 12,849,Tue,afternoon,6.7,1
Team 12,882,Wed,afternoon,2.8,1
Team 12,969,Tue,morning,4.6,1
Team 12,989,Sat,morning,3.8,1
Team 12,996,Tue,morning,16.0,1
Team 12,999,Mon,afternoon,3.6,1
Team 12,1050,Thu,afternoon,6.4,0
Team 12,1053,Thu,afternoon,9.3,0
Team 12,1054,Tue,morning,10.2,1
Team 12,1061,Thu,morning,2.7,0
Team 12,1104,Fri,morning,4.4,1
Team 12,1137,Wed,afternoon,6.6,1
Team 12,1159,Fri,afternoon,5.5,0
Team 12,1160,Sat,afternoon,8.0,1
Team 12,1185,Mon,afternoon,5.2,1
