team,day,temp_c,weekend,cups
Team 01,1,33,0,145
Team 01,2,27,1,153
Team 01,3,23,0,110
Team 01,4,27,0,126
Team 01,5,22,0,90
Team 01,6,27,0,127
Team 01,7,35,1,175
Team 01,8,29,0,121
Team 01,9,28,0,150
Team 01,10,32,0,151
Team 02,1,25,0,139
Team 02,2,27,0,156
Team 02,3,33,0,161
Team 02,4,31,1,146
Team 02,5,22,0,109
Team 02,6,28,0,131
Team 02,7,23,0,108
Team 02,8,25,0,117
Team 02,9,27,0,131
Team 02,10,23,0,118
Team 03,1,32,1,187
Team 03,2,26,0,124
Team 03,3,23,1,127
Team 03,4,23,0,111
Team 03,5,28,0,120
Team 03,6,34,0,139
Team 03,7,36,0,167
Team 03,8,35,0,157
Team 03,9,28,1,166
Team 03,10,35,1,201
Team 04,1,32,0,157
Team 04,2,28,0,146
Team 04,3,26,0,137
Team 04,4,30,1,176
Team 04,5,26,0,128
Team 04,6,22,1,118
Team 04,7,34,0,164
Team 04,8,25,0,113
Team 04,9,29,0,147
Team 04,10,27,0,131
Team 05,1,32,0,145
Team 05,2,26,0,124
Team 05,3,25,0,121
Team 05,4,24,0,122
Team 05,5,32,1,185
Team 05,6,28,0,133
Team 05,7,26,0,163
Team 05,8,34,1,194
Team 05,9,24,0,107
Team 05,10,31,1,181
Team 06,1,31,0,139
Team 06,2,23,1,121
Team 06,3,25,0,123
Team 06,4,27,0,142
Team 06,5,22,1,129
Team 06,6,27,0,128
Team 06,7,28,0,122
Team 06,8,32,0,138
Team 06,9,24,0,113
Team 06,10,34,1,180
Team 07,1,27,0,119
Team 07,2,29,1,181
Team 07,3,25,0,138
Team 07,4,31,0,159
Team 07,5,34,0,172
Team 07,6,32,1,196
Team 07,7,35,0,173
Team 07,8,34,0,138
Team 07,9,32,0,162
Team 07,10,35,1,193
Team 08,1,22,1,144
Team 08,2,25,1,158
Team 08,3,35,0,178
Team 08,4,31,0,131
Team 08,5,23,0,126
Team 08,6,28,0,123
Team 08,7,29,0,118
Team 08,8,23,0,110
Team 08,9,32,0,150
Team 08,10,30,0,139
Team 09,1,35,0,172
Team 09,2,23,0,123
Team 09,3,35,1,180
Team 09,4,28,1,167
Team 09,5,26,0,120
Team 09,6,26,1,149
Team 09,7,33,0,136
Team 09,8,34,0,155
Team 09,9,31,0,133
Team 09,10,32,0,141
Team 10,1,31,1,182
Team 10,2,23,1,134
Team 10,3,34,0,164
Team 10,4,32,1,170
Team 10,5,32,0,130
Team 10,6,30,0,131
Team 10,7,25,0,100
Team 10,8,29,1,164
Team 10,9,32,0,161
Team 10,10,36,0,165
Team 11,1,22,0,104
Team 11,2,26,1,161
Team 11,3,32,0,165
Team 11,4,30,0,149
Team 11,5,22,1,141
Team 11,6,22,0,98
Team 11,7,27,1,128
Team 11,8,35,0,174
Team 11,9,24,0,117
Team 11,10,32,1,183
Team 12,1,29,0,148
Team 12,2,32,0,138
Team 12,3,29,1,185
Team 12,4,31,0,134
Team 12,5,30,0,148
Team 12,6,27,1,160
Team 12,7,32,0,137
Team 12,8,33,1,179
Team 12,9,32,0,153
Team 12,10,30,0,155
