學號,英文名,repo,作答題數,基本分,Q1,Q2,Q3,Q4,Q5,Q6,Q7,Q8,Q9,答對題數,正確度加分,遲交,總分,評語（給學生）,評分依據（內部）
513717028,Larry,513717028-Larry,9,70.0,✓,✓,✓,✓,△,✓,✓,✓,✓,8,28.33,,98.33,"圖表和計算都很完整,Excel 畫的直方圖、箱型圖都清楚。§2.4 Q20(d)可以再想一下:前四隻海豚年齡小於 3 歲,這個資訊其實能解釋它們汞濃度低(汞會隨年齡累積)。","Q1 ✓ 直方圖為次數而非相對次數、b 寫 27 人未除以 50,依裁決 R1 接受;Q5 a(Q1=130.5,Q3=317.5)b c 對,d 答「Not really」→ 應為「有幫助」,故 △;Q8 斜率四捨五入成 0.4、截距 6.26,但預測 17.06 正確,依 R2 接受;其餘皆對。"
515717001,Wayne,515717001-Wayne,9,70.0,✓,✓,✓,✓,✓,✓,✓,✓,✓,9,30.0,,100.0,"手寫計算和圖都很整齊,每題步驟清楚,九題全對。繼續保持!","九題皆符合參考答案。Q5(d)寫出年齡可部分解釋,視為✓;Q8 b=0.41、a=5.99 為四捨五入結果,預測 17.06 正確,依 R2 接受。"
515717003,baz,515717003-baz,9,70.0,✓,✓,✓,✓,△,✓,✓,✓,✓,8,28.33,,98.33,"表格、直方圖和迴歸計算都很清楚,九題都有認真寫。§2.4 Q20(d)請再檢查:前四隻海豚較年輕,所以汞濃度偏低,這個年齡資訊是有幫助的。","Q5 a b c 對,d 答「不,前四隻年輕海豚並不代表汞濃度最低」→ 與參考答案相反,△;Q8 預測 17.19(以 0.41、6.12 代入),約 17 次,接受;其餘皆對。"
515717005,Steven,515717005-Steven,9,70.0,✓,✓,✓,✓,✓,✓,✓,✓,✓,9,30.0,,100.0,"每題都附上完整計算過程,圖表也畫得清楚,九題全對。","九題皆對。Q4 z_min 寫成 1.16(漏負號)但判斷正確,屬筆誤不扣。"
515717009,Effie,515717009-Effie,9,70.0,✓,△,✓,✓,✓,✓,✓,✓,✓,8,28.33,,98.33,"計算和圖表都正確。§2.1 Q2 記得在點狀圖上標出平均數、中位數與眾數的位置,目前只有算出數值、沒有畫點狀圖。","Q2 mean/median/mode 對但沒有點狀圖 → △;其餘皆對。注意:檔案為印好的中文題解頁(含完整解答)加手寫標註,是否為自己的解題過程請老師確認(不扣分,僅提醒)。"
515717010,Jill,515717010-Jill,9,70.0,✓,✓,✓,✓,✓,✓,✓,✓,✓,9,30.0,,100.0,"每題一頁、步驟拆得很細,計算與結論都正確,九題全對。","九題皆對(14 個單頁 PDF,Q25、Q27 各分多頁)。"
515717011,Jane,515717011-Jane,8,62.22,△,✗,✓,✓,✓,✓,✓,✓,△,6,23.33,,85.55,"大部分題目都算得很準,Q20 的說明也寫得完整。§2.1 Q2 漏交了;§3.2 Q27(d)48 層樓的預測值請再算一次(應約 197.5,你寫 199.51)。","Q2(§2.1)未作答 → 作答 8 題,基本分 70×8/9;Q1 最後兩組(50–55、55–60)合併成一組,不符合組距 5 的 6 組,△;Q9 d 算術錯誤(−13.9065+4.4045×48 寫成 199.51)且 c 沒有文字描述,△;其餘皆對。"
515717015,Anne,515717015-Anne,9,70.0,✓,✓,✓,✓,✓,✓,✓,✓,✓,9,30.0,,100.0,"九題都完成,計算與圖形都正確。提醒照片拍攝時請把整頁拍進來,右側邊緣有些字被裁到。","九題皆對(檔案放在 homework/0921/,檔名為 HW-0921,內容為本次作業題目,照收)。照片偏小,部分文字經放大確認。"
515717019,Ora,515717019-Ora,9,70.0,✓,✓,✓,✓,✓,✓,✓,✓,✓,9,30.0,,100.0,"字跡工整,每題從排序到結論都寫得很完整,九題全對。","九題皆對。Q8 r 四捨五入成 0.9、b=0.4、a=6.26,預測 17.06 正確,依 R2 接受。(HW-0919.pdf 與 Homework/HW-0919.pdf 內容相同。)"
515717021,Chage,515717021-Chage,9,70.0,✓,✗,✓,✓,✓,✓,✓,✓,△,7,25.0,,95.0,"Excel 做的表格和圖很清楚,大部分題目都答對。§2.1 Q2 需要算出平均數、中位數、眾數;§3.2 Q27(d)要預測的是 48 層,不是 58 層。","Q2 只有點狀圖,沒有計算平均數、中位數、眾數 → ✗(4 項只對 1 項);Q9 d 只列出迴歸式,預測值算成 58 層(241.55),沒有 48 層的預測 → △;其餘皆對。"
515717022,Grace,515717022-Grace,9,70.0,✓,✓,✓,✓,△,✓,✓,△,✓,7,26.67,,96.67,"字跡漂亮、步驟清楚,大部分題目都正確。§2.4 Q20(d)漏寫說明;§3.2 Q25 的斜率與截距請重算(應約 0.405、6.12),散佈圖也呈現強的正相關。","Q5 d 未作答 → △;Q8 斜率 0.4152、截距 5.856(應約 0.4054、6.115),b 寫 weak positive(r≈0.91 為強正相關),預測 17.1 接近 → a、d 對,△;其餘皆對。(照片中另有 4.1、5.x 等其他習題,本次不計。)"
515717024,WEI,515717024-WEI,0,0,✗,✗,✗,✗,✗,✗,✗,✗,✗,0,0,,0,"這次沒有看到作業內容(homework 資料夾裡只有空的檔案),記得補交,有問題隨時問老師。","未繳交:repo 內作業位置只有 homework/chapter1/.gitkeep(文字檔),無作業內容。"
515717027,Julian,515717027-Julian,7,54.44,✓,✓,✗,✓,✗,✓,✓,✓,✓,7,23.33,,77.77,"其他題目的計算、圖表和結論都正確。§2.2 Q14 與 §2.4 Q20 寫的題目和這次指定的不一樣(應為 Polluted Seawater 與 Mercury Concentration in Dolphins),請對照作業題目重做。","Q3(§2.2 Q14)答的是 Lumber Rights、Q5(§2.4 Q20)答的是 Breathing Rates,並非指定題目 → 視為未作答(作答 7 題,基本分 70×7/9),且 ✗;其餘 7 題皆對。檔案為打字文件(含程式產生的圖),疑似 AI 產出且題目版本與指定不同,請老師確認。"
515717028,Chia,515717028-Chia,9,70.0,△,✓,✓,✓,✓,✓,✓,✓,✓,8,28.33,,98.33,"手寫整齊,九題都有完成,大部分都正確。§1.4 Q26(c)請再數一次:小於 50 個月是 47 人,機率 47/50 = 0.94,不是 98%。","Q1 c 寫 49/50=98%(應 47/50=94%),△;b 寫 27 人未除以 50,依 R1 接受;其餘皆對。PDF 第 2 頁文字層有白色亂碼(掃描 OCR),非指令,不影響評分。"
515717029,Chiao,515717029-Chiao,9,70.0,✓,✓,✓,✓,✓,✓,✓,✓,△,8,28.33,,98.33,"步驟寫得很有條理,九題都有完成,大部分都正確。§3.2 Q27(b)要求的是相關係數 r,你算到 Sxy、Sxx、Syy 但沒有算出 r(約 0.957)與說明強度。","Q9 b 未算 r、也沒有說明關聯強度,c 只畫散佈圖未描述,d 用四捨五入斜率 4.40 預測約 197.5 可接受 → △;其餘皆對。"
IOF.114016,Wendy,IOF114016-Wendy,9,70.0,✓,✓,✓,✓,✓,✓,✓,✓,✓,9,30.0,,100.0,"手寫計算整齊、每題步驟都有,九題全對。提醒檔名寫 HW-1002,之後記得放進對應日期的資料夾。","九題皆對(作業在 homework/ch1-3/HW-1002.pdf,內容為本次題目)。Q8 r≈0.91 四捨五入,Q9 b=4.43,預測 17.06、197.5 皆正確,依 R2 接受。ch4-6 的檔案為其他章節,不計。"
IOF.114018,Vickie,IOF114018-Vickie,9,70.0,✓,△,✓,✓,✓,✓,✓,✓,✓,8,28.33,,98.33,"解題步驟清楚、圖也畫得好,幾乎全對。§2.1 Q2 記得畫出點狀圖並標示平均數、中位數與眾數。","Q2 mean/median/mode 對,但沒有畫點狀圖 → △;Q1 b 寫成「0.54 = 50%」疑為 54% 筆誤,不扣;其餘皆對。"
IOF.114021,Jimmy,IOF114021-Jimmy,0,0,✗,✗,✗,✗,✗,✗,✗,✗,✗,0,0,,0,"這次沒有看到作業,記得補交喔。","未繳交:repo 只有 IC、MFS、README,無 Homework。"
IOF.114024,Silvia,IOF114024-Silvia,0,0,✗,✗,✗,✗,✗,✗,✗,✗,✗,0,0,,0,"這次沒有看到作業,記得補交喔。",未繳交:repo 無學生 commit。
IOF.114029,Liam,IOF114029-Liam,0,0,✗,✗,✗,✗,✗,✗,✗,✗,✗,0,0,,0,"這次沒有看到作業,記得補交喔。","未繳交:repo 只有 IC、MFS、README,無 Homework。"
IOF.115005,Yung,IOF115005-Yung,9,70.0,✓,✓,✓,✓,✓,✓,✓,✓,✓,9,30.0,,100.0,"圖表與計算都正確,連離群值的說明也有寫,九題全對。","九題皆對。Q5、Q6 以 nearest-rank(位置 0.25n、0.75n)取四分位數(Q1=118、Q3=316;Q1=247.34、Q3=383.68),依 R4 接受。"
IOF.115009,Oliver,IOF115009-Oliver,0,0,✗,✗,✗,✗,✗,✗,✗,✗,✗,0,0,,0,"這次沒有看到作業,記得補交喔。",未繳交:repo 無學生 commit。
IOF.115009,Shawn,IOF115007-Shawn,9,70.0,✓,✓,✓,✓,✓,✓,✓,✓,✓,9,30.0,,100.0,"步驟清楚、圖表整齊,九題全對,連 Q25 的外插合理性都有提到,很棒。","九題皆對(HOME WORK/HW-0919/HW-0919.pdf)。
